-- phpMyAdmin SQL Dump
-- version 5.2.1
-- https://www.phpmyadmin.net/
--
-- Host: 127.0.0.1
-- Generation Time: Aug 25, 2024 at 01:36 PM
-- Server version: 10.4.28-MariaDB
-- PHP Version: 8.2.4

SET SQL_MODE = "NO_AUTO_VALUE_ON_ZERO";
START TRANSACTION;
SET time_zone = "+00:00";


/*!40101 SET @OLD_CHARACTER_SET_CLIENT=@@CHARACTER_SET_CLIENT */;
/*!40101 SET @OLD_CHARACTER_SET_RESULTS=@@CHARACTER_SET_RESULTS */;
/*!40101 SET @OLD_COLLATION_CONNECTION=@@COLLATION_CONNECTION */;
/*!40101 SET NAMES utf8mb4 */;

--
-- Database: `mahasiswa_baru`
--

-- --------------------------------------------------------

--
-- Table structure for table `agama`
--

CREATE TABLE `agama` (
  `id` bigint(20) UNSIGNED NOT NULL,
  `nama_agama` varchar(255) NOT NULL,
  `created_at` timestamp NULL DEFAULT NULL,
  `updated_at` timestamp NULL DEFAULT NULL
) ENGINE=InnoDB DEFAULT CHARSET=utf8mb4 COLLATE=utf8mb4_unicode_ci;

--
-- Dumping data for table `agama`
--

INSERT INTO `agama` (`id`, `nama_agama`, `created_at`, `updated_at`) VALUES
(1, 'Islam', '2024-08-23 23:27:10', '2024-08-23 23:27:10'),
(2, 'Katolik', '2024-08-23 23:27:10', '2024-08-23 23:27:10'),
(3, 'Kristen', '2024-08-23 23:27:10', '2024-08-23 23:27:10'),
(4, 'Hindu', '2024-08-23 23:27:10', '2024-08-23 23:27:10'),
(5, 'Budha', '2024-08-23 23:27:10', '2024-08-23 23:27:10'),
(6, 'Lain-lain', NULL, NULL);

-- --------------------------------------------------------

--
-- Table structure for table `failed_jobs`
--

CREATE TABLE `failed_jobs` (
  `id` bigint(20) UNSIGNED NOT NULL,
  `uuid` varchar(255) NOT NULL,
  `connection` text NOT NULL,
  `queue` text NOT NULL,
  `payload` longtext NOT NULL,
  `exception` longtext NOT NULL,
  `failed_at` timestamp NOT NULL DEFAULT current_timestamp()
) ENGINE=InnoDB DEFAULT CHARSET=utf8mb4 COLLATE=utf8mb4_unicode_ci;

-- --------------------------------------------------------

--
-- Table structure for table `kabupaten_kota`
--

CREATE TABLE `kabupaten_kota` (
  `id` bigint(20) UNSIGNED NOT NULL,
  `id_provinsi` bigint(20) UNSIGNED NOT NULL,
  `nama_kabupaten_kota` varchar(255) NOT NULL,
  `created_at` timestamp NULL DEFAULT NULL,
  `updated_at` timestamp NULL DEFAULT NULL
) ENGINE=InnoDB DEFAULT CHARSET=utf8mb4 COLLATE=utf8mb4_unicode_ci;

--
-- Dumping data for table `kabupaten_kota`
--

INSERT INTO `kabupaten_kota` (`id`, `id_provinsi`, `nama_kabupaten_kota`, `created_at`, `updated_at`) VALUES
(1, 1, 'Kabupaten Aceh Barat', '2024-08-23 23:27:09', '2024-08-23 23:27:09'),
(2, 1, 'Kabupaten Aceh Besar', '2024-08-23 23:27:09', '2024-08-23 23:27:09'),
(3, 1, 'Kabupaten Aceh Jaya', '2024-08-23 23:27:09', '2024-08-23 23:27:09'),
(4, 1, 'Kabupaten Aceh Selatan', '2024-08-23 23:27:09', '2024-08-23 23:27:09'),
(5, 1, 'Kabupaten Aceh Singkil', '2024-08-23 23:27:09', '2024-08-23 23:27:09'),
(6, 1, 'Kabupaten Aceh Tamiang', '2024-08-23 23:27:09', '2024-08-23 23:27:09'),
(7, 1, 'Kabupaten Aceh Tengah', '2024-08-23 23:27:09', '2024-08-23 23:27:09'),
(8, 1, 'Kabupaten Aceh Tenggara', '2024-08-23 23:27:09', '2024-08-23 23:27:09'),
(9, 1, 'Kabupaten Aceh Timur', '2024-08-23 23:27:09', '2024-08-23 23:27:09'),
(10, 1, 'Kabupaten Aceh Utara', '2024-08-23 23:27:09', '2024-08-23 23:27:09'),
(11, 1, 'Kota Banda Aceh', '2024-08-23 23:27:09', '2024-08-23 23:27:09'),
(12, 1, 'Kota Langsa', '2024-08-23 23:27:09', '2024-08-23 23:27:09'),
(13, 1, 'Kota Lhokseumawe', '2024-08-23 23:27:09', '2024-08-23 23:27:09'),
(14, 1, 'Kota Sabang', '2024-08-23 23:27:09', '2024-08-23 23:27:09'),
(15, 1, 'Kota Subulussalam', '2024-08-23 23:27:09', '2024-08-23 23:27:09'),
(16, 2, 'Kabupaten Asahan', '2024-08-23 23:27:09', '2024-08-23 23:27:09'),
(17, 2, 'Kabupaten Batubara', '2024-08-23 23:27:09', '2024-08-23 23:27:09'),
(18, 2, 'Kabupaten Dairi', '2024-08-23 23:27:09', '2024-08-23 23:27:09'),
(19, 2, 'Kabupaten Deli Serdang', '2024-08-23 23:27:09', '2024-08-23 23:27:09'),
(20, 2, 'Kabupaten Humbang Hasundutan', '2024-08-23 23:27:09', '2024-08-23 23:27:09'),
(21, 2, 'Kabupaten Karo', '2024-08-23 23:27:09', '2024-08-23 23:27:09'),
(22, 2, 'Kabupaten Labuhanbatu', '2024-08-23 23:27:09', '2024-08-23 23:27:09'),
(23, 2, 'Kabupaten Labuhanbatu Selatan', '2024-08-23 23:27:09', '2024-08-23 23:27:09'),
(24, 2, 'Kabupaten Labuhanbatu Utara', '2024-08-23 23:27:09', '2024-08-23 23:27:09'),
(25, 2, 'Kabupaten Langkat', '2024-08-23 23:27:09', '2024-08-23 23:27:09'),
(26, 2, 'Kabupaten Mandailing Natal', '2024-08-23 23:27:09', '2024-08-23 23:27:09'),
(27, 2, 'Kabupaten Nias', '2024-08-23 23:27:09', '2024-08-23 23:27:09'),
(28, 2, 'Kabupaten Nias Barat', '2024-08-23 23:27:09', '2024-08-23 23:27:09'),
(29, 2, 'Kabupaten Nias Selatan', '2024-08-23 23:27:09', '2024-08-23 23:27:09'),
(30, 2, 'Kabupaten Nias Utara', '2024-08-23 23:27:09', '2024-08-23 23:27:09'),
(31, 2, 'Kabupaten Padang Lawas', '2024-08-23 23:27:09', '2024-08-23 23:27:09'),
(32, 2, 'Kabupaten Padang Lawas Utara', '2024-08-23 23:27:09', '2024-08-23 23:27:09'),
(33, 2, 'Kabupaten Pakpak Bharat', '2024-08-23 23:27:09', '2024-08-23 23:27:09'),
(34, 2, 'Kabupaten Samosir', '2024-08-23 23:27:09', '2024-08-23 23:27:09'),
(35, 2, 'Kabupaten Serdang Bedagai', '2024-08-23 23:27:09', '2024-08-23 23:27:09'),
(36, 2, 'Kabupaten Simalungun', '2024-08-23 23:27:09', '2024-08-23 23:27:09'),
(37, 2, 'Kabupaten Tapanuli Selatan', '2024-08-23 23:27:09', '2024-08-23 23:27:09'),
(38, 2, 'Kabupaten Tapanuli Tengah', '2024-08-23 23:27:09', '2024-08-23 23:27:09'),
(39, 2, 'Kabupaten Tapanuli Utara', '2024-08-23 23:27:09', '2024-08-23 23:27:09'),
(40, 2, 'Kabupaten Toba', '2024-08-23 23:27:09', '2024-08-23 23:27:09'),
(41, 2, 'Kota Binjai', '2024-08-23 23:27:09', '2024-08-23 23:27:09'),
(42, 2, 'Kota Gunungsitoli', '2024-08-23 23:27:09', '2024-08-23 23:27:09'),
(43, 2, 'Kota Medan', '2024-08-23 23:27:09', '2024-08-23 23:27:09'),
(44, 2, 'Kota Padangsidempuan', '2024-08-23 23:27:09', '2024-08-23 23:27:09'),
(45, 2, 'Kota Pematangsiantar', '2024-08-23 23:27:09', '2024-08-23 23:27:09'),
(46, 2, 'Kota Sibolga', '2024-08-23 23:27:09', '2024-08-23 23:27:09'),
(47, 2, 'Kota Tanjungbalai', '2024-08-23 23:27:09', '2024-08-23 23:27:09'),
(48, 2, 'Kota Tebing Tinggi', '2024-08-23 23:27:09', '2024-08-23 23:27:09'),
(49, 3, 'Kabupaten Agam', '2024-08-23 23:27:09', '2024-08-23 23:27:09'),
(50, 3, 'Kabupaten Dharmasraya', '2024-08-23 23:27:09', '2024-08-23 23:27:09'),
(51, 3, 'Kabupaten Kepulauan Mentawai', '2024-08-23 23:27:09', '2024-08-23 23:27:09'),
(52, 3, 'Kabupaten Lima Puluh Kota', '2024-08-23 23:27:09', '2024-08-23 23:27:09'),
(53, 3, 'Kabupaten Padang Pariaman', '2024-08-23 23:27:09', '2024-08-23 23:27:09'),
(54, 3, 'Kabupaten Pasaman', '2024-08-23 23:27:09', '2024-08-23 23:27:09'),
(55, 3, 'Kabupaten Pasaman Barat', '2024-08-23 23:27:09', '2024-08-23 23:27:09'),
(56, 3, 'Kabupaten Pesisir Selatan', '2024-08-23 23:27:09', '2024-08-23 23:27:09'),
(57, 3, 'Kabupaten Sijunjung', '2024-08-23 23:27:09', '2024-08-23 23:27:09'),
(58, 3, 'Kabupaten Solok', '2024-08-23 23:27:09', '2024-08-23 23:27:09'),
(59, 3, 'Kabupaten Solok Selatan', '2024-08-23 23:27:09', '2024-08-23 23:27:09'),
(60, 3, 'Kabupaten Tanah Datar', '2024-08-23 23:27:09', '2024-08-23 23:27:09'),
(61, 3, 'Kota Bukittinggi', '2024-08-23 23:27:09', '2024-08-23 23:27:09'),
(62, 3, 'Kota Padang', '2024-08-23 23:27:09', '2024-08-23 23:27:09'),
(63, 3, 'Kota Padangpanjang', '2024-08-23 23:27:09', '2024-08-23 23:27:09'),
(64, 3, 'Kota Pariaman', '2024-08-23 23:27:09', '2024-08-23 23:27:09'),
(65, 3, 'Kota Payakumbuh', '2024-08-23 23:27:09', '2024-08-23 23:27:09'),
(66, 3, 'Kota Sawahlunto', '2024-08-23 23:27:09', '2024-08-23 23:27:09'),
(67, 3, 'Kota Solok', '2024-08-23 23:27:09', '2024-08-23 23:27:09'),
(68, 4, 'Kabupaten Bengkalis', '2024-08-23 23:27:09', '2024-08-23 23:27:09'),
(69, 4, 'Kabupaten Indragiri Hilir', '2024-08-23 23:27:09', '2024-08-23 23:27:09'),
(70, 4, 'Kabupaten Indragiri Hulu', '2024-08-23 23:27:09', '2024-08-23 23:27:09'),
(71, 4, 'Kabupaten Kampar', '2024-08-23 23:27:09', '2024-08-23 23:27:09'),
(72, 4, 'Kabupaten Kepulauan Meranti', '2024-08-23 23:27:09', '2024-08-23 23:27:09'),
(73, 4, 'Kabupaten Kuantan Singingi', '2024-08-23 23:27:09', '2024-08-23 23:27:09'),
(74, 4, 'Kabupaten Pelalawan', '2024-08-23 23:27:09', '2024-08-23 23:27:09'),
(75, 4, 'Kabupaten Rokan Hilir', '2024-08-23 23:27:09', '2024-08-23 23:27:09'),
(76, 4, 'Kabupaten Rokan Hulu', '2024-08-23 23:27:09', '2024-08-23 23:27:09'),
(77, 4, 'Kabupaten Siak', '2024-08-23 23:27:09', '2024-08-23 23:27:09'),
(78, 4, 'Kota Dumai', '2024-08-23 23:27:09', '2024-08-23 23:27:09'),
(79, 4, 'Kota Pekanbaru', '2024-08-23 23:27:09', '2024-08-23 23:27:09'),
(80, 5, 'Kabupaten Bintan', '2024-08-23 23:27:09', '2024-08-23 23:27:09'),
(81, 5, 'Kabupaten Karimun', '2024-08-23 23:27:09', '2024-08-23 23:27:09'),
(82, 5, 'Kabupaten Kepulauan Anambas', '2024-08-23 23:27:09', '2024-08-23 23:27:09'),
(83, 5, 'Kabupaten Lingga', '2024-08-23 23:27:09', '2024-08-23 23:27:09'),
(84, 5, 'Kabupaten Natuna', '2024-08-23 23:27:09', '2024-08-23 23:27:09'),
(85, 5, 'Kota Batam', '2024-08-23 23:27:09', '2024-08-23 23:27:09'),
(86, 5, 'Kota Tanjungpinang', '2024-08-23 23:27:09', '2024-08-23 23:27:09'),
(87, 6, 'Kabupaten Batanghari', '2024-08-23 23:27:09', '2024-08-23 23:27:09'),
(88, 6, 'Kabupaten Bungo', '2024-08-23 23:27:09', '2024-08-23 23:27:09'),
(89, 6, 'Kabupaten Kerinci', '2024-08-23 23:27:09', '2024-08-23 23:27:09'),
(90, 6, 'Kabupaten Merangin', '2024-08-23 23:27:09', '2024-08-23 23:27:09'),
(91, 6, 'Kabupaten Muaro Jambi', '2024-08-23 23:27:09', '2024-08-23 23:27:09'),
(92, 6, 'Kabupaten Sarolangun', '2024-08-23 23:27:09', '2024-08-23 23:27:09'),
(93, 6, 'Kabupaten Tanjung Jabung Barat', '2024-08-23 23:27:09', '2024-08-23 23:27:09'),
(94, 6, 'Kabupaten Tanjung Jabung Timur', '2024-08-23 23:27:09', '2024-08-23 23:27:09'),
(95, 6, 'Kabupaten Tebo', '2024-08-23 23:27:09', '2024-08-23 23:27:09'),
(96, 6, 'Kota Jambi', '2024-08-23 23:27:09', '2024-08-23 23:27:09'),
(97, 6, 'Kota Sungai Penuh', '2024-08-23 23:27:09', '2024-08-23 23:27:09'),
(98, 7, 'Kabupaten Banyuasin', '2024-08-23 23:27:09', '2024-08-23 23:27:09'),
(99, 7, 'Kabupaten Empat Lawang', '2024-08-23 23:27:09', '2024-08-23 23:27:09'),
(100, 7, 'Kabupaten Lahat', '2024-08-23 23:27:09', '2024-08-23 23:27:09'),
(101, 7, 'Kabupaten Muara Enim', '2024-08-23 23:27:09', '2024-08-23 23:27:09'),
(102, 7, 'Kabupaten Musi Banyuasin', '2024-08-23 23:27:09', '2024-08-23 23:27:09'),
(103, 7, 'Kabupaten Musi Rawas', '2024-08-23 23:27:09', '2024-08-23 23:27:09'),
(104, 7, 'Kabupaten Musi Rawas Utara', '2024-08-23 23:27:09', '2024-08-23 23:27:09'),
(105, 7, 'Kabupaten Ogan Ilir', '2024-08-23 23:27:09', '2024-08-23 23:27:09'),
(106, 7, 'Kabupaten Ogan Komering Ilir', '2024-08-23 23:27:09', '2024-08-23 23:27:09'),
(107, 7, 'Kabupaten Ogan Komering Ulu', '2024-08-23 23:27:09', '2024-08-23 23:27:09'),
(108, 7, 'Kabupaten Ogan Komering Ulu Selatan', '2024-08-23 23:27:09', '2024-08-23 23:27:09'),
(109, 7, 'Kabupaten Ogan Komering Ulu Timur', '2024-08-23 23:27:09', '2024-08-23 23:27:09'),
(110, 7, 'Kota Lubuklinggau', '2024-08-23 23:27:09', '2024-08-23 23:27:09'),
(111, 7, 'Kota Pagar Alam', '2024-08-23 23:27:09', '2024-08-23 23:27:09'),
(112, 7, 'Kota Palembang', '2024-08-23 23:27:09', '2024-08-23 23:27:09'),
(113, 7, 'Kota Prabumulih', '2024-08-23 23:27:09', '2024-08-23 23:27:09'),
(114, 8, 'Kabupaten Bangka', '2024-08-23 23:27:09', '2024-08-23 23:27:09'),
(115, 8, 'Kabupaten Bangka Barat', '2024-08-23 23:27:09', '2024-08-23 23:27:09'),
(116, 8, 'Kabupaten Bangka Selatan', '2024-08-23 23:27:09', '2024-08-23 23:27:09'),
(117, 8, 'Kabupaten Bangka Tengah', '2024-08-23 23:27:09', '2024-08-23 23:27:09'),
(118, 8, 'Kabupaten Belitung', '2024-08-23 23:27:09', '2024-08-23 23:27:09'),
(119, 8, 'Kabupaten Belitung Timur', '2024-08-23 23:27:09', '2024-08-23 23:27:09'),
(120, 8, 'Kota Pangkalpinang', '2024-08-23 23:27:09', '2024-08-23 23:27:09'),
(121, 9, 'Kabupaten Bengkulu Selatan', '2024-08-23 23:27:09', '2024-08-23 23:27:09'),
(122, 9, 'Kabupaten Bengkulu Tengah', '2024-08-23 23:27:09', '2024-08-23 23:27:09'),
(123, 9, 'Kabupaten Bengkulu Utara', '2024-08-23 23:27:09', '2024-08-23 23:27:09'),
(124, 9, 'Kabupaten Kaur', '2024-08-23 23:27:09', '2024-08-23 23:27:09'),
(125, 9, 'Kabupaten Kepahiang', '2024-08-23 23:27:09', '2024-08-23 23:27:09'),
(126, 9, 'Kabupaten Lebong', '2024-08-23 23:27:09', '2024-08-23 23:27:09'),
(127, 9, 'Kabupaten Mukomuko', '2024-08-23 23:27:09', '2024-08-23 23:27:09'),
(128, 9, 'Kabupaten Rejang Lebong', '2024-08-23 23:27:09', '2024-08-23 23:27:09'),
(129, 9, 'Kabupaten Seluma', '2024-08-23 23:27:09', '2024-08-23 23:27:09'),
(130, 9, 'Kota Bengkulu', '2024-08-23 23:27:09', '2024-08-23 23:27:09'),
(131, 10, 'Kabupaten Lampung Barat', '2024-08-23 23:27:09', '2024-08-23 23:27:09'),
(132, 10, 'Kabupaten Lampung Selatan', '2024-08-23 23:27:09', '2024-08-23 23:27:09'),
(133, 10, 'Kabupaten Lampung Tengah', '2024-08-23 23:27:09', '2024-08-23 23:27:09'),
(134, 10, 'Kabupaten Lampung Timur', '2024-08-23 23:27:09', '2024-08-23 23:27:09'),
(135, 10, 'Kabupaten Lampung Utara', '2024-08-23 23:27:09', '2024-08-23 23:27:09'),
(136, 10, 'Kabupaten Mesuji', '2024-08-23 23:27:09', '2024-08-23 23:27:09'),
(137, 10, 'Kabupaten Pesawaran', '2024-08-23 23:27:09', '2024-08-23 23:27:09'),
(138, 10, 'Kabupaten Pesisir Barat', '2024-08-23 23:27:09', '2024-08-23 23:27:09'),
(139, 10, 'Kabupaten Pringsewu', '2024-08-23 23:27:09', '2024-08-23 23:27:09'),
(140, 10, 'Kabupaten Tanggamus', '2024-08-23 23:27:09', '2024-08-23 23:27:09'),
(141, 10, 'Kabupaten Tulang Bawang', '2024-08-23 23:27:09', '2024-08-23 23:27:09'),
(142, 10, 'Kabupaten Tulang Bawang Barat', '2024-08-23 23:27:09', '2024-08-23 23:27:09'),
(143, 10, 'Kabupaten Way Kanan', '2024-08-23 23:27:09', '2024-08-23 23:27:09'),
(144, 10, 'Kota Bandar Lampung', '2024-08-23 23:27:09', '2024-08-23 23:27:09'),
(145, 10, 'Kota Metro', '2024-08-23 23:27:09', '2024-08-23 23:27:09'),
(146, 11, 'Kabupaten Kepulauan Seribu', '2024-08-23 23:27:09', '2024-08-23 23:27:09'),
(147, 11, 'Kota Administrasi Jakarta Barat', '2024-08-23 23:27:09', '2024-08-23 23:27:09'),
(148, 11, 'Kota Administrasi Jakarta Pusat', '2024-08-23 23:27:09', '2024-08-23 23:27:09'),
(149, 11, 'Kota Administrasi Jakarta Selatan', '2024-08-23 23:27:09', '2024-08-23 23:27:09'),
(150, 11, 'Kota Administrasi Jakarta Timur', '2024-08-23 23:27:09', '2024-08-23 23:27:09'),
(151, 11, 'Kota Administrasi Jakarta Utara', '2024-08-23 23:27:09', '2024-08-23 23:27:09'),
(152, 12, 'Kabupaten Lebak', '2024-08-23 23:27:09', '2024-08-23 23:27:09'),
(153, 12, 'Kabupaten Pandeglang', '2024-08-23 23:27:09', '2024-08-23 23:27:09'),
(154, 12, 'Kabupaten Serang', '2024-08-23 23:27:09', '2024-08-23 23:27:09'),
(155, 12, 'Kabupaten Tangerang', '2024-08-23 23:27:09', '2024-08-23 23:27:09'),
(156, 12, 'Kota Cilegon', '2024-08-23 23:27:09', '2024-08-23 23:27:09'),
(157, 12, 'Kota Serang', '2024-08-23 23:27:09', '2024-08-23 23:27:09'),
(158, 12, 'Kota Tangerang', '2024-08-23 23:27:09', '2024-08-23 23:27:09'),
(159, 12, 'Kota Tangerang Selatan', '2024-08-23 23:27:09', '2024-08-23 23:27:09'),
(160, 13, 'Kabupaten Bandung', '2024-08-23 23:27:09', '2024-08-23 23:27:09'),
(161, 13, 'Kabupaten Bandung Barat', '2024-08-23 23:27:09', '2024-08-23 23:27:09'),
(162, 13, 'Kabupaten Bekasi', '2024-08-23 23:27:09', '2024-08-23 23:27:09'),
(163, 13, 'Kabupaten Bogor', '2024-08-23 23:27:09', '2024-08-23 23:27:09'),
(164, 13, 'Kabupaten Ciamis', '2024-08-23 23:27:09', '2024-08-23 23:27:09'),
(165, 13, 'Kabupaten Cianjur', '2024-08-23 23:27:09', '2024-08-23 23:27:09'),
(166, 13, 'Kabupaten Cirebon', '2024-08-23 23:27:09', '2024-08-23 23:27:09'),
(167, 13, 'Kabupaten Garut', '2024-08-23 23:27:09', '2024-08-23 23:27:09'),
(168, 13, 'Kabupaten Indramayu', '2024-08-23 23:27:09', '2024-08-23 23:27:09'),
(169, 13, 'Kabupaten Karawang', '2024-08-23 23:27:09', '2024-08-23 23:27:09'),
(170, 13, 'Kabupaten Kuningan', '2024-08-23 23:27:09', '2024-08-23 23:27:09'),
(171, 13, 'Kabupaten Majalengka', '2024-08-23 23:27:09', '2024-08-23 23:27:09'),
(172, 13, 'Kabupaten Pangandaran', '2024-08-23 23:27:09', '2024-08-23 23:27:09'),
(173, 13, 'Kabupaten Purwakarta', '2024-08-23 23:27:09', '2024-08-23 23:27:09'),
(174, 13, 'Kabupaten Subang', '2024-08-23 23:27:09', '2024-08-23 23:27:09'),
(175, 13, 'Kabupaten Sukabumi', '2024-08-23 23:27:09', '2024-08-23 23:27:09'),
(176, 13, 'Kabupaten Sumedang', '2024-08-23 23:27:09', '2024-08-23 23:27:09'),
(177, 13, 'Kabupaten Tasikmalaya', '2024-08-23 23:27:09', '2024-08-23 23:27:09'),
(178, 13, 'Kota Bandung', '2024-08-23 23:27:09', '2024-08-23 23:27:09'),
(179, 13, 'Kota Banjar', '2024-08-23 23:27:09', '2024-08-23 23:27:09'),
(180, 13, 'Kota Bekasi', '2024-08-23 23:27:09', '2024-08-23 23:27:09'),
(181, 13, 'Kota Bogor', '2024-08-23 23:27:09', '2024-08-23 23:27:09'),
(182, 13, 'Kota Cimahi', '2024-08-23 23:27:09', '2024-08-23 23:27:09'),
(183, 13, 'Kota Cirebon', '2024-08-23 23:27:09', '2024-08-23 23:27:09'),
(184, 13, 'Kota Depok', '2024-08-23 23:27:09', '2024-08-23 23:27:09'),
(185, 13, 'Kota Sukabumi', '2024-08-23 23:27:09', '2024-08-23 23:27:09'),
(186, 13, 'Kota Tasikmalaya', '2024-08-23 23:27:09', '2024-08-23 23:27:09'),
(187, 15, 'Kabupaten Bantul', '2024-08-23 23:27:09', '2024-08-23 23:27:09'),
(188, 15, 'Kabupaten Gunung Kidul', '2024-08-23 23:27:09', '2024-08-23 23:27:09'),
(189, 15, 'Kabupaten Kulon Progo', '2024-08-23 23:27:09', '2024-08-23 23:27:09'),
(190, 15, 'Kabupaten Sleman', '2024-08-23 23:27:09', '2024-08-23 23:27:09'),
(191, 15, 'Kota Yogyakarta', '2024-08-23 23:27:09', '2024-08-23 23:27:09'),
(192, 14, 'Kabupaten Banjarnegara', '2024-08-23 23:27:09', '2024-08-23 23:27:09'),
(193, 14, 'Kabupaten Banyumas', '2024-08-23 23:27:09', '2024-08-23 23:27:09'),
(194, 14, 'Kabupaten Batang', '2024-08-23 23:27:09', '2024-08-23 23:27:09'),
(195, 14, 'Kabupaten Blora', '2024-08-23 23:27:09', '2024-08-23 23:27:09'),
(196, 14, 'Kabupaten Boyolali', '2024-08-23 23:27:09', '2024-08-23 23:27:09'),
(197, 14, 'Kabupaten Brebes', '2024-08-23 23:27:09', '2024-08-23 23:27:09'),
(198, 14, 'Kabupaten Cilacap', '2024-08-23 23:27:09', '2024-08-23 23:27:09'),
(199, 14, 'Kabupaten Demak', '2024-08-23 23:27:09', '2024-08-23 23:27:09'),
(200, 14, 'Kabupaten Grobogan', '2024-08-23 23:27:09', '2024-08-23 23:27:09'),
(201, 14, 'Kabupaten Jepara', '2024-08-23 23:27:09', '2024-08-23 23:27:09'),
(202, 14, 'Kabupaten Karanganyar', '2024-08-23 23:27:09', '2024-08-23 23:27:09'),
(203, 14, 'Kabupaten Kebumen', '2024-08-23 23:27:09', '2024-08-23 23:27:09'),
(204, 14, 'Kabupaten Kendal', '2024-08-23 23:27:09', '2024-08-23 23:27:09'),
(205, 14, 'Kabupaten Klaten', '2024-08-23 23:27:09', '2024-08-23 23:27:09'),
(206, 14, 'Kabupaten Kudus', '2024-08-23 23:27:09', '2024-08-23 23:27:09'),
(207, 14, 'Kabupaten Magelang', '2024-08-23 23:27:09', '2024-08-23 23:27:09'),
(208, 14, 'Kabupaten Pati', '2024-08-23 23:27:09', '2024-08-23 23:27:09'),
(209, 14, 'Kabupaten Pekalongan', '2024-08-23 23:27:09', '2024-08-23 23:27:09'),
(210, 14, 'Kabupaten Pemalang', '2024-08-23 23:27:09', '2024-08-23 23:27:09'),
(211, 14, 'Kabupaten Purbalingga', '2024-08-23 23:27:09', '2024-08-23 23:27:09'),
(212, 14, 'Kabupaten Purworejo', '2024-08-23 23:27:09', '2024-08-23 23:27:09'),
(213, 14, 'Kabupaten Rembang', '2024-08-23 23:27:09', '2024-08-23 23:27:09'),
(214, 14, 'Kabupaten Semarang', '2024-08-23 23:27:09', '2024-08-23 23:27:09'),
(215, 14, 'Kabupaten Sragen', '2024-08-23 23:27:09', '2024-08-23 23:27:09'),
(216, 14, 'Kabupaten Sukoharjo', '2024-08-23 23:27:09', '2024-08-23 23:27:09'),
(217, 14, 'Kabupaten Tegal', '2024-08-23 23:27:09', '2024-08-23 23:27:09'),
(218, 14, 'Kabupaten Temanggung', '2024-08-23 23:27:09', '2024-08-23 23:27:09'),
(219, 14, 'Kabupaten Wonogiri', '2024-08-23 23:27:09', '2024-08-23 23:27:09'),
(220, 14, 'Kabupaten Wonosobo', '2024-08-23 23:27:09', '2024-08-23 23:27:09'),
(221, 14, 'Kota Magelang', '2024-08-23 23:27:09', '2024-08-23 23:27:09'),
(222, 14, 'Kota Pekalongan', '2024-08-23 23:27:09', '2024-08-23 23:27:09'),
(223, 14, 'Kota Salatiga', '2024-08-23 23:27:09', '2024-08-23 23:27:09'),
(224, 14, 'Kota Semarang', '2024-08-23 23:27:09', '2024-08-23 23:27:09'),
(225, 14, 'Kota Surakarta', '2024-08-23 23:27:09', '2024-08-23 23:27:09'),
(226, 14, 'Kota Tegal', '2024-08-23 23:27:09', '2024-08-23 23:27:09'),
(227, 17, 'Kabupaten Badung', '2024-08-23 23:27:09', '2024-08-23 23:27:09'),
(228, 17, 'Kabupaten Bangli', '2024-08-23 23:27:09', '2024-08-23 23:27:09'),
(229, 17, 'Kabupaten Buleleng', '2024-08-23 23:27:09', '2024-08-23 23:27:09'),
(230, 17, 'Kabupaten Gianyar', '2024-08-23 23:27:09', '2024-08-23 23:27:09'),
(231, 17, 'Kabupaten Jembrana', '2024-08-23 23:27:09', '2024-08-23 23:27:09'),
(232, 17, 'Kabupaten Karangasem', '2024-08-23 23:27:09', '2024-08-23 23:27:09'),
(233, 17, 'Kabupaten Klungkung', '2024-08-23 23:27:09', '2024-08-23 23:27:09'),
(234, 17, 'Kabupaten Tabanan', '2024-08-23 23:27:09', '2024-08-23 23:27:09'),
(235, 17, 'Kota Denpasar', '2024-08-23 23:27:09', '2024-08-23 23:27:09'),
(236, 18, 'Kabupaten Bima', '2024-08-23 23:27:09', '2024-08-23 23:27:09'),
(237, 18, 'Kabupaten Dompu', '2024-08-23 23:27:09', '2024-08-23 23:27:09'),
(238, 18, 'Kabupaten Lombok Barat', '2024-08-23 23:27:09', '2024-08-23 23:27:09'),
(239, 18, 'Kabupaten Lombok Tengah', '2024-08-23 23:27:09', '2024-08-23 23:27:09'),
(240, 18, 'Kabupaten Lombok Timur', '2024-08-23 23:27:09', '2024-08-23 23:27:09'),
(241, 18, 'Kabupaten Lombok Utara', '2024-08-23 23:27:09', '2024-08-23 23:27:09'),
(242, 18, 'Kabupaten Sumbawa', '2024-08-23 23:27:09', '2024-08-23 23:27:09'),
(243, 18, 'Kabupaten Sumbawa Barat', '2024-08-23 23:27:09', '2024-08-23 23:27:09'),
(244, 18, 'Kota Bima', '2024-08-23 23:27:09', '2024-08-23 23:27:09'),
(245, 18, 'Kota Mataram', '2024-08-23 23:27:09', '2024-08-23 23:27:09'),
(246, 19, 'Kabupaten Alor', '2024-08-23 23:27:09', '2024-08-23 23:27:09'),
(247, 19, 'Kabupaten Belu', '2024-08-23 23:27:09', '2024-08-23 23:27:09'),
(248, 19, 'Kabupaten Ende', '2024-08-23 23:27:09', '2024-08-23 23:27:09'),
(249, 19, 'Kabupaten Flores Timur', '2024-08-23 23:27:09', '2024-08-23 23:27:09'),
(250, 19, 'Kabupaten Kupang', '2024-08-23 23:27:10', '2024-08-23 23:27:10'),
(251, 19, 'Kabupaten Lembata', '2024-08-23 23:27:10', '2024-08-23 23:27:10'),
(252, 19, 'Kabupaten Malaka', '2024-08-23 23:27:10', '2024-08-23 23:27:10'),
(253, 19, 'Kabupaten Manggarai', '2024-08-23 23:27:10', '2024-08-23 23:27:10'),
(254, 19, 'Kabupaten Manggarai Barat', '2024-08-23 23:27:10', '2024-08-23 23:27:10'),
(255, 19, 'Kabupaten Manggarai Timur', '2024-08-23 23:27:10', '2024-08-23 23:27:10'),
(256, 19, 'Kabupaten Ngada', '2024-08-23 23:27:10', '2024-08-23 23:27:10'),
(257, 19, 'Kabupaten Nagekeo', '2024-08-23 23:27:10', '2024-08-23 23:27:10'),
(258, 19, 'Kabupaten Rote Ndao', '2024-08-23 23:27:10', '2024-08-23 23:27:10'),
(259, 19, 'Kabupaten Sabu Raijua', '2024-08-23 23:27:10', '2024-08-23 23:27:10'),
(260, 19, 'Kabupaten Sikka', '2024-08-23 23:27:10', '2024-08-23 23:27:10'),
(261, 19, 'Kabupaten Sumba Barat', '2024-08-23 23:27:10', '2024-08-23 23:27:10'),
(262, 19, 'Kabupaten Sumba Barat Daya', '2024-08-23 23:27:10', '2024-08-23 23:27:10'),
(263, 19, 'Kabupaten Sumba Tengah', '2024-08-23 23:27:10', '2024-08-23 23:27:10'),
(264, 19, 'Kabupaten Sumba Timur', '2024-08-23 23:27:10', '2024-08-23 23:27:10'),
(265, 19, 'Kabupaten Timor Tengah Selatan', '2024-08-23 23:27:10', '2024-08-23 23:27:10'),
(266, 19, 'Kabupaten Timor Tengah Utara', '2024-08-23 23:27:10', '2024-08-23 23:27:10'),
(267, 19, 'Kota Kupang', '2024-08-23 23:27:10', '2024-08-23 23:27:10'),
(268, 20, 'Kabupaten Bengkayang', '2024-08-23 23:27:10', '2024-08-23 23:27:10'),
(269, 20, 'Kabupaten Kapuas Hulu', '2024-08-23 23:27:10', '2024-08-23 23:27:10'),
(270, 20, 'Kabupaten Kayong Utara', '2024-08-23 23:27:10', '2024-08-23 23:27:10'),
(271, 20, 'Kabupaten Ketapang', '2024-08-23 23:27:10', '2024-08-23 23:27:10'),
(272, 20, 'Kabupaten Kubu Raya', '2024-08-23 23:27:10', '2024-08-23 23:27:10'),
(273, 20, 'Kabupaten Landak', '2024-08-23 23:27:10', '2024-08-23 23:27:10'),
(274, 20, 'Kabupaten Melawi', '2024-08-23 23:27:10', '2024-08-23 23:27:10'),
(275, 20, 'Kabupaten Mempawah', '2024-08-23 23:27:10', '2024-08-23 23:27:10'),
(276, 20, 'Kabupaten Sambas', '2024-08-23 23:27:10', '2024-08-23 23:27:10'),
(277, 20, 'Kabupaten Sanggau', '2024-08-23 23:27:10', '2024-08-23 23:27:10'),
(278, 20, 'Kabupaten Sekadau', '2024-08-23 23:27:10', '2024-08-23 23:27:10'),
(279, 20, 'Kabupaten Sintang', '2024-08-23 23:27:10', '2024-08-23 23:27:10'),
(280, 20, 'Kota Pontianak', '2024-08-23 23:27:10', '2024-08-23 23:27:10'),
(281, 20, 'Kota Singkawang', '2024-08-23 23:27:10', '2024-08-23 23:27:10'),
(282, 21, 'Kabupaten Barito Selatan', '2024-08-23 23:27:10', '2024-08-23 23:27:10'),
(283, 21, 'Kabupaten Barito Timur', '2024-08-23 23:27:10', '2024-08-23 23:27:10'),
(284, 21, 'Kabupaten Barito Utara', '2024-08-23 23:27:10', '2024-08-23 23:27:10'),
(285, 21, 'Kabupaten Gunung Mas', '2024-08-23 23:27:10', '2024-08-23 23:27:10'),
(286, 21, 'Kabupaten Kapuas', '2024-08-23 23:27:10', '2024-08-23 23:27:10'),
(287, 21, 'Kabupaten Katingan', '2024-08-23 23:27:10', '2024-08-23 23:27:10'),
(288, 21, 'Kabupaten Kotawaringin Barat', '2024-08-23 23:27:10', '2024-08-23 23:27:10'),
(289, 21, 'Kabupaten Kotawaringin Timur', '2024-08-23 23:27:10', '2024-08-23 23:27:10'),
(290, 21, 'Kabupaten Lamandau', '2024-08-23 23:27:10', '2024-08-23 23:27:10'),
(291, 21, 'Kabupaten Murung Raya', '2024-08-23 23:27:10', '2024-08-23 23:27:10'),
(292, 21, 'Kabupaten Pulang Pisau', '2024-08-23 23:27:10', '2024-08-23 23:27:10'),
(293, 21, 'Kabupaten Seruyan', '2024-08-23 23:27:10', '2024-08-23 23:27:10'),
(294, 21, 'Kabupaten Sukamara', '2024-08-23 23:27:10', '2024-08-23 23:27:10'),
(295, 21, 'Kota Palangka Raya', '2024-08-23 23:27:10', '2024-08-23 23:27:10'),
(296, 22, 'Kabupaten Balangan', '2024-08-23 23:27:10', '2024-08-23 23:27:10'),
(297, 22, 'Kabupaten Banjar', '2024-08-23 23:27:10', '2024-08-23 23:27:10'),
(298, 22, 'Kabupaten Barito Kuala', '2024-08-23 23:27:10', '2024-08-23 23:27:10'),
(299, 22, 'Kabupaten Hulu Sungai Selatan', '2024-08-23 23:27:10', '2024-08-23 23:27:10'),
(300, 22, 'Kabupaten Hulu Sungai Tengah', '2024-08-23 23:27:10', '2024-08-23 23:27:10'),
(301, 22, 'Kabupaten Hulu Sungai Utara', '2024-08-23 23:27:10', '2024-08-23 23:27:10'),
(302, 22, 'Kabupaten Kotabaru', '2024-08-23 23:27:10', '2024-08-23 23:27:10'),
(303, 22, 'Kabupaten Tabalong', '2024-08-23 23:27:10', '2024-08-23 23:27:10'),
(304, 22, 'Kabupaten Tanah Bumbu', '2024-08-23 23:27:10', '2024-08-23 23:27:10'),
(305, 22, 'Kabupaten Tanah Laut', '2024-08-23 23:27:10', '2024-08-23 23:27:10'),
(306, 22, 'Kabupaten Tapin', '2024-08-23 23:27:10', '2024-08-23 23:27:10'),
(307, 22, 'Kota Banjarbaru', '2024-08-23 23:27:10', '2024-08-23 23:27:10'),
(308, 22, 'Kota Banjarmasin', '2024-08-23 23:27:10', '2024-08-23 23:27:10'),
(309, 23, 'Kabupaten Berau', '2024-08-23 23:27:10', '2024-08-23 23:27:10'),
(310, 23, 'Kabupaten Kutai Barat', '2024-08-23 23:27:10', '2024-08-23 23:27:10'),
(311, 23, 'Kabupaten Kutai Kartanegara', '2024-08-23 23:27:10', '2024-08-23 23:27:10'),
(312, 23, 'Kabupaten Kutai Timur', '2024-08-23 23:27:10', '2024-08-23 23:27:10'),
(313, 23, 'Kabupaten Mahakam Ulu', '2024-08-23 23:27:10', '2024-08-23 23:27:10'),
(314, 23, 'Kabupaten Paser', '2024-08-23 23:27:10', '2024-08-23 23:27:10'),
(315, 23, 'Kabupaten Penajam Paser Utara', '2024-08-23 23:27:10', '2024-08-23 23:27:10'),
(316, 23, 'Kota Balikpapan', '2024-08-23 23:27:10', '2024-08-23 23:27:10'),
(317, 23, 'Kota Bontang', '2024-08-23 23:27:10', '2024-08-23 23:27:10'),
(318, 23, 'Kota Samarinda', '2024-08-23 23:27:10', '2024-08-23 23:27:10'),
(319, 24, 'Kabupaten Bulungan', '2024-08-23 23:27:10', '2024-08-23 23:27:10'),
(320, 24, 'Kabupaten Malinau', '2024-08-23 23:27:10', '2024-08-23 23:27:10'),
(321, 24, 'Kabupaten Nunukan', '2024-08-23 23:27:10', '2024-08-23 23:27:10'),
(322, 24, 'Kabupaten Tana Tidung', '2024-08-23 23:27:10', '2024-08-23 23:27:10'),
(323, 24, 'Kota Tarakan', '2024-08-23 23:27:10', '2024-08-23 23:27:10'),
(324, 25, 'Kabupaten Bolaang Mongondow', '2024-08-23 23:27:10', '2024-08-23 23:27:10'),
(325, 25, 'Kabupaten Bolaang Mongondow Selatan', '2024-08-23 23:27:10', '2024-08-23 23:27:10'),
(326, 25, 'Kabupaten Bolaang Mongondow Timur', '2024-08-23 23:27:10', '2024-08-23 23:27:10'),
(327, 25, 'Kabupaten Bolaang Mongondow Utara', '2024-08-23 23:27:10', '2024-08-23 23:27:10'),
(328, 25, 'Kabupaten Kepulauan Sangihe', '2024-08-23 23:27:10', '2024-08-23 23:27:10'),
(329, 25, 'Kabupaten Kepulauan Siau Tagulandang Biaro (Sitaro)', '2024-08-23 23:27:10', '2024-08-23 23:27:10'),
(330, 25, 'Kabupaten Kepulauan Talaud', '2024-08-23 23:27:10', '2024-08-23 23:27:10'),
(331, 25, 'Kabupaten Minahasa', '2024-08-23 23:27:10', '2024-08-23 23:27:10'),
(332, 25, 'Kabupaten Minahasa Selatan', '2024-08-23 23:27:10', '2024-08-23 23:27:10'),
(333, 25, 'Kabupaten Minahasa Tenggara', '2024-08-23 23:27:10', '2024-08-23 23:27:10'),
(334, 25, 'Kabupaten Minahasa Utara', '2024-08-23 23:27:10', '2024-08-23 23:27:10'),
(335, 25, 'Kota Bitung', '2024-08-23 23:27:10', '2024-08-23 23:27:10'),
(336, 25, 'Kota Kotamobagu', '2024-08-23 23:27:10', '2024-08-23 23:27:10'),
(337, 25, 'Kota Manado', '2024-08-23 23:27:10', '2024-08-23 23:27:10'),
(338, 25, 'Kota Tomohon', '2024-08-23 23:27:10', '2024-08-23 23:27:10'),
(339, 26, 'Kabupaten Boalemo', '2024-08-23 23:27:10', '2024-08-23 23:27:10'),
(340, 26, 'Kabupaten Bone Bolango', '2024-08-23 23:27:10', '2024-08-23 23:27:10'),
(341, 26, 'Kabupaten Gorontalo', '2024-08-23 23:27:10', '2024-08-23 23:27:10'),
(342, 26, 'Kabupaten Gorontalo Utara', '2024-08-23 23:27:10', '2024-08-23 23:27:10'),
(343, 26, 'Kabupaten Pohuwato', '2024-08-23 23:27:10', '2024-08-23 23:27:10'),
(344, 26, 'Kota Gorontalo', '2024-08-23 23:27:10', '2024-08-23 23:27:10'),
(345, 27, 'Kabupaten Banggai', '2024-08-23 23:27:10', '2024-08-23 23:27:10'),
(346, 27, 'Kabupaten Banggai Kepulauan', '2024-08-23 23:27:10', '2024-08-23 23:27:10'),
(347, 27, 'Kabupaten Banggai Laut', '2024-08-23 23:27:10', '2024-08-23 23:27:10'),
(348, 27, 'Kabupaten Buol', '2024-08-23 23:27:10', '2024-08-23 23:27:10'),
(349, 27, 'Kabupaten Donggala', '2024-08-23 23:27:10', '2024-08-23 23:27:10'),
(350, 27, 'Kabupaten Morowali', '2024-08-23 23:27:10', '2024-08-23 23:27:10'),
(351, 27, 'Kabupaten Morowali Utara', '2024-08-23 23:27:10', '2024-08-23 23:27:10'),
(352, 27, 'Kabupaten Parigi Moutong', '2024-08-23 23:27:10', '2024-08-23 23:27:10'),
(353, 27, 'Kabupaten Poso', '2024-08-23 23:27:10', '2024-08-23 23:27:10'),
(354, 27, 'Kabupaten Sigi', '2024-08-23 23:27:10', '2024-08-23 23:27:10'),
(355, 27, 'Kabupaten Tojo Una-Una', '2024-08-23 23:27:10', '2024-08-23 23:27:10'),
(356, 27, 'Kabupaten Tolitoli', '2024-08-23 23:27:10', '2024-08-23 23:27:10'),
(357, 27, 'Kota Palu', '2024-08-23 23:27:10', '2024-08-23 23:27:10'),
(358, 28, 'Kabupaten Majene', '2024-08-23 23:27:10', '2024-08-23 23:27:10'),
(359, 28, 'Kabupaten Mamasa', '2024-08-23 23:27:10', '2024-08-23 23:27:10'),
(360, 28, 'Kabupaten Mamuju', '2024-08-23 23:27:10', '2024-08-23 23:27:10'),
(361, 28, 'Kabupaten Mamuju Tengah', '2024-08-23 23:27:10', '2024-08-23 23:27:10'),
(362, 28, 'Kabupaten Pasangkayu', '2024-08-23 23:27:10', '2024-08-23 23:27:10'),
(363, 28, 'Kabupaten Polewali Mandar', '2024-08-23 23:27:10', '2024-08-23 23:27:10'),
(364, 29, 'Kabupaten Bantaeng', '2024-08-23 23:27:10', '2024-08-23 23:27:10'),
(365, 29, 'Kabupaten Barru', '2024-08-23 23:27:10', '2024-08-23 23:27:10'),
(366, 29, 'Kabupaten Bone', '2024-08-23 23:27:10', '2024-08-23 23:27:10'),
(367, 29, 'Kabupaten Bulukumba', '2024-08-23 23:27:10', '2024-08-23 23:27:10'),
(368, 29, 'Kabupaten Enrekang', '2024-08-23 23:27:10', '2024-08-23 23:27:10'),
(369, 29, 'Kabupaten Gowa', '2024-08-23 23:27:10', '2024-08-23 23:27:10'),
(370, 29, 'Kabupaten Jeneponto', '2024-08-23 23:27:10', '2024-08-23 23:27:10'),
(371, 29, 'Kabupaten Kepulauan Selayar', '2024-08-23 23:27:10', '2024-08-23 23:27:10'),
(372, 29, 'Kabupaten Luwu', '2024-08-23 23:27:10', '2024-08-23 23:27:10'),
(373, 29, 'Kabupaten Luwu Timur', '2024-08-23 23:27:10', '2024-08-23 23:27:10'),
(374, 29, 'Kabupaten Luwu Utara', '2024-08-23 23:27:10', '2024-08-23 23:27:10'),
(375, 29, 'Kabupaten Maros', '2024-08-23 23:27:10', '2024-08-23 23:27:10'),
(376, 29, 'Kabupaten Pangkajene dan Kepulauan', '2024-08-23 23:27:10', '2024-08-23 23:27:10'),
(377, 29, 'Kabupaten Pinrang', '2024-08-23 23:27:10', '2024-08-23 23:27:10'),
(378, 29, 'Kabupaten Sidenreng Rappang', '2024-08-23 23:27:10', '2024-08-23 23:27:10'),
(379, 29, 'Kabupaten Sinjai', '2024-08-23 23:27:10', '2024-08-23 23:27:10'),
(380, 29, 'Kabupaten Soppeng', '2024-08-23 23:27:10', '2024-08-23 23:27:10'),
(381, 29, 'Kabupaten Takalar', '2024-08-23 23:27:10', '2024-08-23 23:27:10'),
(382, 29, 'Kabupaten Tana Toraja', '2024-08-23 23:27:10', '2024-08-23 23:27:10'),
(383, 29, 'Kabupaten Toraja Utara', '2024-08-23 23:27:10', '2024-08-23 23:27:10'),
(384, 29, 'Kabupaten Wajo', '2024-08-23 23:27:10', '2024-08-23 23:27:10'),
(385, 29, 'Kota Makassar', '2024-08-23 23:27:10', '2024-08-23 23:27:10'),
(386, 29, 'Kota Palopo', '2024-08-23 23:27:10', '2024-08-23 23:27:10'),
(387, 29, 'Kota Parepare', '2024-08-23 23:27:10', '2024-08-23 23:27:10'),
(388, 30, 'Kabupaten Bombana', '2024-08-23 23:27:10', '2024-08-23 23:27:10'),
(389, 30, 'Kabupaten Buton', '2024-08-23 23:27:10', '2024-08-23 23:27:10'),
(390, 30, 'Kabupaten Buton Selatan', '2024-08-23 23:27:10', '2024-08-23 23:27:10'),
(391, 30, 'Kabupaten Buton Tengah', '2024-08-23 23:27:10', '2024-08-23 23:27:10'),
(392, 30, 'Kabupaten Buton Utara', '2024-08-23 23:27:10', '2024-08-23 23:27:10'),
(393, 30, 'Kabupaten Kolaka', '2024-08-23 23:27:10', '2024-08-23 23:27:10'),
(394, 30, 'Kabupaten Kolaka Timur', '2024-08-23 23:27:10', '2024-08-23 23:27:10'),
(395, 30, 'Kabupaten Kolaka Utara', '2024-08-23 23:27:10', '2024-08-23 23:27:10'),
(396, 30, 'Kabupaten Konawe', '2024-08-23 23:27:10', '2024-08-23 23:27:10'),
(397, 30, 'Kabupaten Konawe Kepulauan', '2024-08-23 23:27:10', '2024-08-23 23:27:10'),
(398, 30, 'Kabupaten Konawe Selatan', '2024-08-23 23:27:10', '2024-08-23 23:27:10'),
(399, 30, 'Kabupaten Konawe Utara', '2024-08-23 23:27:10', '2024-08-23 23:27:10'),
(400, 30, 'Kabupaten Muna', '2024-08-23 23:27:10', '2024-08-23 23:27:10'),
(401, 30, 'Kabupaten Muna Barat', '2024-08-23 23:27:10', '2024-08-23 23:27:10'),
(402, 30, 'Kabupaten Wakatobi', '2024-08-23 23:27:10', '2024-08-23 23:27:10'),
(403, 30, 'Kota Baubau', '2024-08-23 23:27:10', '2024-08-23 23:27:10'),
(404, 30, 'Kota Kendari', '2024-08-23 23:27:10', '2024-08-23 23:27:10'),
(405, 25, 'Kabupaten Bolaang Mongondow', '2024-08-23 23:27:10', '2024-08-23 23:27:10'),
(406, 25, 'Kabupaten Bolaang Mongondow Selatan', '2024-08-23 23:27:10', '2024-08-23 23:27:10'),
(407, 25, 'Kabupaten Bolaang Mongondow Timur', '2024-08-23 23:27:10', '2024-08-23 23:27:10'),
(408, 25, 'Kabupaten Bolaang Mongondow Utara', '2024-08-23 23:27:10', '2024-08-23 23:27:10'),
(409, 25, 'Kabupaten Kepulauan Sangihe', '2024-08-23 23:27:10', '2024-08-23 23:27:10'),
(410, 25, 'Kabupaten Kepulauan Siau Tagulandang Biaro (Sitaro)', '2024-08-23 23:27:10', '2024-08-23 23:27:10'),
(411, 25, 'Kabupaten Kepulauan Talaud', '2024-08-23 23:27:10', '2024-08-23 23:27:10'),
(412, 25, 'Kabupaten Minahasa', '2024-08-23 23:27:10', '2024-08-23 23:27:10'),
(413, 25, 'Kabupaten Minahasa Selatan', '2024-08-23 23:27:10', '2024-08-23 23:27:10'),
(414, 25, 'Kabupaten Minahasa Tenggara', '2024-08-23 23:27:10', '2024-08-23 23:27:10'),
(415, 25, 'Kabupaten Minahasa Utara', '2024-08-23 23:27:10', '2024-08-23 23:27:10'),
(416, 25, 'Kota Bitung', '2024-08-23 23:27:10', '2024-08-23 23:27:10'),
(417, 25, 'Kota Kotamobagu', '2024-08-23 23:27:10', '2024-08-23 23:27:10'),
(418, 25, 'Kota Manado', '2024-08-23 23:27:10', '2024-08-23 23:27:10'),
(419, 25, 'Kota Tomohon', '2024-08-23 23:27:10', '2024-08-23 23:27:10'),
(420, 26, 'Kabupaten Boalemo', '2024-08-23 23:27:10', '2024-08-23 23:27:10'),
(421, 26, 'Kabupaten Bone Bolango', '2024-08-23 23:27:10', '2024-08-23 23:27:10'),
(422, 26, 'Kabupaten Gorontalo', '2024-08-23 23:27:10', '2024-08-23 23:27:10'),
(423, 26, 'Kabupaten Gorontalo Utara', '2024-08-23 23:27:10', '2024-08-23 23:27:10'),
(424, 26, 'Kabupaten Pohuwato', '2024-08-23 23:27:10', '2024-08-23 23:27:10'),
(425, 26, 'Kota Gorontalo', '2024-08-23 23:27:10', '2024-08-23 23:27:10'),
(426, 27, 'Kabupaten Banggai', '2024-08-23 23:27:10', '2024-08-23 23:27:10'),
(427, 27, 'Kabupaten Banggai Kepulauan', '2024-08-23 23:27:10', '2024-08-23 23:27:10'),
(428, 27, 'Kabupaten Banggai Laut', '2024-08-23 23:27:10', '2024-08-23 23:27:10'),
(429, 27, 'Kabupaten Buol', '2024-08-23 23:27:10', '2024-08-23 23:27:10'),
(430, 27, 'Kabupaten Donggala', '2024-08-23 23:27:10', '2024-08-23 23:27:10'),
(431, 27, 'Kabupaten Morowali', '2024-08-23 23:27:10', '2024-08-23 23:27:10'),
(432, 27, 'Kabupaten Morowali Utara', '2024-08-23 23:27:10', '2024-08-23 23:27:10'),
(433, 27, 'Kabupaten Parigi Moutong', '2024-08-23 23:27:10', '2024-08-23 23:27:10'),
(434, 27, 'Kabupaten Poso', '2024-08-23 23:27:10', '2024-08-23 23:27:10'),
(435, 27, 'Kabupaten Sigi', '2024-08-23 23:27:10', '2024-08-23 23:27:10'),
(436, 27, 'Kabupaten Tojo Una-Una', '2024-08-23 23:27:10', '2024-08-23 23:27:10'),
(437, 27, 'Kabupaten Tolitoli', '2024-08-23 23:27:10', '2024-08-23 23:27:10'),
(438, 27, 'Kota Palu', '2024-08-23 23:27:10', '2024-08-23 23:27:10'),
(439, 28, 'Kabupaten Majene', '2024-08-23 23:27:10', '2024-08-23 23:27:10'),
(440, 28, 'Kabupaten Mamasa', '2024-08-23 23:27:10', '2024-08-23 23:27:10'),
(441, 28, 'Kabupaten Mamuju', '2024-08-23 23:27:10', '2024-08-23 23:27:10'),
(442, 28, 'Kabupaten Mamuju Tengah', '2024-08-23 23:27:10', '2024-08-23 23:27:10'),
(443, 28, 'Kabupaten Pasangkayu', '2024-08-23 23:27:10', '2024-08-23 23:27:10'),
(444, 28, 'Kabupaten Polewali Mandar', '2024-08-23 23:27:10', '2024-08-23 23:27:10'),
(445, 29, 'Kabupaten Bantaeng', '2024-08-23 23:27:10', '2024-08-23 23:27:10'),
(446, 29, 'Kabupaten Barru', '2024-08-23 23:27:10', '2024-08-23 23:27:10'),
(447, 29, 'Kabupaten Bone', '2024-08-23 23:27:10', '2024-08-23 23:27:10'),
(448, 29, 'Kabupaten Bulukumba', '2024-08-23 23:27:10', '2024-08-23 23:27:10'),
(449, 29, 'Kabupaten Enrekang', '2024-08-23 23:27:10', '2024-08-23 23:27:10'),
(450, 29, 'Kabupaten Gowa', '2024-08-23 23:27:10', '2024-08-23 23:27:10'),
(451, 29, 'Kabupaten Jeneponto', '2024-08-23 23:27:10', '2024-08-23 23:27:10'),
(452, 29, 'Kabupaten Kepulauan Selayar', '2024-08-23 23:27:10', '2024-08-23 23:27:10'),
(453, 29, 'Kabupaten Luwu', '2024-08-23 23:27:10', '2024-08-23 23:27:10'),
(454, 29, 'Kabupaten Luwu Timur', '2024-08-23 23:27:10', '2024-08-23 23:27:10'),
(455, 29, 'Kabupaten Luwu Utara', '2024-08-23 23:27:10', '2024-08-23 23:27:10'),
(456, 29, 'Kabupaten Maros', '2024-08-23 23:27:10', '2024-08-23 23:27:10'),
(457, 29, 'Kabupaten Pangkajene dan Kepulauan', '2024-08-23 23:27:10', '2024-08-23 23:27:10'),
(458, 29, 'Kabupaten Pinrang', '2024-08-23 23:27:10', '2024-08-23 23:27:10'),
(459, 29, 'Kabupaten Sidenreng Rappang', '2024-08-23 23:27:10', '2024-08-23 23:27:10'),
(460, 29, 'Kabupaten Sinjai', '2024-08-23 23:27:10', '2024-08-23 23:27:10'),
(461, 29, 'Kabupaten Soppeng', '2024-08-23 23:27:10', '2024-08-23 23:27:10'),
(462, 29, 'Kabupaten Takalar', '2024-08-23 23:27:10', '2024-08-23 23:27:10'),
(463, 29, 'Kabupaten Tana Toraja', '2024-08-23 23:27:10', '2024-08-23 23:27:10'),
(464, 29, 'Kabupaten Toraja Utara', '2024-08-23 23:27:10', '2024-08-23 23:27:10'),
(465, 29, 'Kabupaten Wajo', '2024-08-23 23:27:10', '2024-08-23 23:27:10'),
(466, 29, 'Kota Makassar', '2024-08-23 23:27:10', '2024-08-23 23:27:10'),
(467, 29, 'Kota Palopo', '2024-08-23 23:27:10', '2024-08-23 23:27:10'),
(468, 29, 'Kota Parepare', '2024-08-23 23:27:10', '2024-08-23 23:27:10'),
(469, 30, 'Kabupaten Bombana', '2024-08-23 23:27:10', '2024-08-23 23:27:10'),
(470, 30, 'Kabupaten Buton', '2024-08-23 23:27:10', '2024-08-23 23:27:10'),
(471, 30, 'Kabupaten Buton Selatan', '2024-08-23 23:27:10', '2024-08-23 23:27:10'),
(472, 30, 'Kabupaten Buton Tengah', '2024-08-23 23:27:10', '2024-08-23 23:27:10'),
(473, 30, 'Kabupaten Buton Utara', '2024-08-23 23:27:10', '2024-08-23 23:27:10'),
(474, 30, 'Kabupaten Kolaka', '2024-08-23 23:27:10', '2024-08-23 23:27:10'),
(475, 30, 'Kabupaten Kolaka Timur', '2024-08-23 23:27:10', '2024-08-23 23:27:10'),
(476, 30, 'Kabupaten Kolaka Utara', '2024-08-23 23:27:10', '2024-08-23 23:27:10'),
(477, 30, 'Kabupaten Konawe', '2024-08-23 23:27:10', '2024-08-23 23:27:10'),
(478, 30, 'Kabupaten Konawe Kepulauan', '2024-08-23 23:27:10', '2024-08-23 23:27:10'),
(479, 30, 'Kabupaten Konawe Selatan', '2024-08-23 23:27:10', '2024-08-23 23:27:10'),
(480, 30, 'Kabupaten Konawe Utara', '2024-08-23 23:27:10', '2024-08-23 23:27:10'),
(481, 30, 'Kabupaten Muna', '2024-08-23 23:27:10', '2024-08-23 23:27:10'),
(482, 30, 'Kabupaten Muna Barat', '2024-08-23 23:27:10', '2024-08-23 23:27:10'),
(483, 30, 'Kabupaten Wakatobi', '2024-08-23 23:27:10', '2024-08-23 23:27:10'),
(484, 30, 'Kota Baubau', '2024-08-23 23:27:10', '2024-08-23 23:27:10'),
(485, 30, 'Kota Kendari', '2024-08-23 23:27:10', '2024-08-23 23:27:10'),
(486, 31, 'Kabupaten Buru', '2024-08-23 23:27:10', '2024-08-23 23:27:10'),
(487, 31, 'Kabupaten Buru Selatan', '2024-08-23 23:27:10', '2024-08-23 23:27:10'),
(488, 31, 'Kabupaten Kepulauan Aru', '2024-08-23 23:27:10', '2024-08-23 23:27:10'),
(489, 31, 'Kabupaten Maluku Barat Daya', '2024-08-23 23:27:10', '2024-08-23 23:27:10'),
(490, 31, 'Kabupaten Maluku Tengah', '2024-08-23 23:27:10', '2024-08-23 23:27:10'),
(491, 31, 'Kabupaten Maluku Tenggara', '2024-08-23 23:27:10', '2024-08-23 23:27:10'),
(492, 31, 'Kabupaten Seram Bagian Barat', '2024-08-23 23:27:10', '2024-08-23 23:27:10'),
(493, 31, 'Kabupaten Seram Bagian Timur', '2024-08-23 23:27:10', '2024-08-23 23:27:10'),
(494, 31, 'Kota Ambon', '2024-08-23 23:27:10', '2024-08-23 23:27:10'),
(495, 31, 'Kota Tual', '2024-08-23 23:27:10', '2024-08-23 23:27:10'),
(496, 32, 'Kabupaten Halmahera Barat', '2024-08-23 23:27:10', '2024-08-23 23:27:10'),
(497, 32, 'Kabupaten Halmahera Selatan', '2024-08-23 23:27:10', '2024-08-23 23:27:10'),
(498, 32, 'Kabupaten Halmahera Tengah', '2024-08-23 23:27:10', '2024-08-23 23:27:10'),
(499, 32, 'Kabupaten Halmahera Timur', '2024-08-23 23:27:10', '2024-08-23 23:27:10'),
(500, 32, 'Kabupaten Halmahera Utara', '2024-08-23 23:27:10', '2024-08-23 23:27:10'),
(501, 32, 'Kabupaten Kepulauan Sula', '2024-08-23 23:27:10', '2024-08-23 23:27:10'),
(502, 32, 'Kabupaten Pulau Morotai', '2024-08-23 23:27:10', '2024-08-23 23:27:10'),
(503, 32, 'Kabupaten Pulau Taliabu', '2024-08-23 23:27:10', '2024-08-23 23:27:10'),
(504, 32, 'Kota Ternate', '2024-08-23 23:27:10', '2024-08-23 23:27:10'),
(505, 32, 'Kota Tidore Kepulauan', '2024-08-23 23:27:10', '2024-08-23 23:27:10'),
(506, 33, 'Kabupaten Fakfak', '2024-08-23 23:27:10', '2024-08-23 23:27:10'),
(507, 33, 'Kabupaten Kaimana', '2024-08-23 23:27:10', '2024-08-23 23:27:10'),
(508, 33, 'Kabupaten Manokwari', '2024-08-23 23:27:10', '2024-08-23 23:27:10'),
(509, 33, 'Kabupaten Manokwari Selatan', '2024-08-23 23:27:10', '2024-08-23 23:27:10'),
(510, 33, 'Kabupaten Pegunungan Arfak', '2024-08-23 23:27:10', '2024-08-23 23:27:10'),
(511, 33, 'Kabupaten Sorong', '2024-08-23 23:27:10', '2024-08-23 23:27:10'),
(512, 33, 'Kabupaten Sorong Selatan', '2024-08-23 23:27:10', '2024-08-23 23:27:10'),
(513, 33, 'Kabupaten Teluk Bintuni', '2024-08-23 23:27:10', '2024-08-23 23:27:10'),
(514, 33, 'Kabupaten Teluk Wondama', '2024-08-23 23:27:10', '2024-08-23 23:27:10'),
(515, 33, 'Kota Sorong', '2024-08-23 23:27:10', '2024-08-23 23:27:10'),
(516, 34, 'Kabupaten Biak Numfor', '2024-08-23 23:27:10', '2024-08-23 23:27:10'),
(517, 34, 'Kabupaten Jayapura', '2024-08-23 23:27:10', '2024-08-23 23:27:10'),
(518, 34, 'Kabupaten Keerom', '2024-08-23 23:27:10', '2024-08-23 23:27:10'),
(519, 34, 'Kabupaten Kepulauan Yapen', '2024-08-23 23:27:10', '2024-08-23 23:27:10'),
(520, 34, 'Kabupaten Mamberamo Raya', '2024-08-23 23:27:10', '2024-08-23 23:27:10'),
(521, 34, 'Kabupaten Sarmi', '2024-08-23 23:27:10', '2024-08-23 23:27:10'),
(522, 34, 'Kabupaten Supiori', '2024-08-23 23:27:10', '2024-08-23 23:27:10'),
(523, 34, 'Kabupaten Waropen', '2024-08-23 23:27:10', '2024-08-23 23:27:10'),
(524, 34, 'Kota Jayapura', '2024-08-23 23:27:10', '2024-08-23 23:27:10'),
(525, 35, 'Kabupaten Asmat', '2024-08-23 23:27:10', '2024-08-23 23:27:10'),
(526, 35, 'Kabupaten Boven Digoel', '2024-08-23 23:27:10', '2024-08-23 23:27:10'),
(527, 35, 'Kabupaten Mappi', '2024-08-23 23:27:10', '2024-08-23 23:27:10'),
(528, 35, 'Kabupaten Merauke', '2024-08-23 23:27:10', '2024-08-23 23:27:10'),
(529, 36, 'Kabupaten Deiyai', '2024-08-23 23:27:10', '2024-08-23 23:27:10'),
(530, 36, 'Kabupaten Dogiyai', '2024-08-23 23:27:10', '2024-08-23 23:27:10'),
(531, 36, 'Kabupaten Intan Jaya', '2024-08-23 23:27:10', '2024-08-23 23:27:10'),
(532, 36, 'Kabupaten Mimika', '2024-08-23 23:27:10', '2024-08-23 23:27:10'),
(533, 36, 'Kabupaten Nabire', '2024-08-23 23:27:10', '2024-08-23 23:27:10'),
(534, 36, 'Kabupaten Paniai', '2024-08-23 23:27:10', '2024-08-23 23:27:10'),
(535, 36, 'Kabupaten Puncak', '2024-08-23 23:27:10', '2024-08-23 23:27:10'),
(536, 36, 'Kabupaten Puncak Jaya', '2024-08-23 23:27:10', '2024-08-23 23:27:10'),
(537, 37, 'Kabupaten Jayawijaya', '2024-08-23 23:27:10', '2024-08-23 23:27:10'),
(538, 37, 'Kabupaten Lanny Jaya', '2024-08-23 23:27:10', '2024-08-23 23:27:10'),
(539, 37, 'Kabupaten Mamberamo Tengah', '2024-08-23 23:27:10', '2024-08-23 23:27:10'),
(540, 37, 'Kabupaten Nduga', '2024-08-23 23:27:10', '2024-08-23 23:27:10'),
(541, 37, 'Kabupaten Pegunungan Bintang', '2024-08-23 23:27:10', '2024-08-23 23:27:10'),
(542, 37, 'Kabupaten Tolikara', '2024-08-23 23:27:10', '2024-08-23 23:27:10'),
(543, 37, 'Kabupaten Yahukimo', '2024-08-23 23:27:10', '2024-08-23 23:27:10'),
(544, 37, 'Kabupaten Yalimo', '2024-08-23 23:27:10', '2024-08-23 23:27:10'),
(545, 38, 'Kabupaten Maybrat', '2024-08-23 23:27:10', '2024-08-23 23:27:10'),
(546, 38, 'Kabupaten Raja Ampat', '2024-08-23 23:27:10', '2024-08-23 23:27:10'),
(547, 38, 'Kabupaten Sorong', '2024-08-23 23:27:10', '2024-08-23 23:27:10'),
(548, 38, 'Kabupaten Sorong Selatan', '2024-08-23 23:27:10', '2024-08-23 23:27:10'),
(549, 38, 'Kabupaten Tambrauw', '2024-08-23 23:27:10', '2024-08-23 23:27:10'),
(550, 38, 'Kota Sorong', '2024-08-23 23:27:10', '2024-08-23 23:27:10'),
(551, 16, 'Kabupaten Banyuwangi', NULL, NULL),
(552, 16, 'Kabupaten Bondowoso', NULL, NULL),
(553, 16, 'Kabupaten Gresik', NULL, NULL),
(554, 16, 'Kabupaten Jember', NULL, NULL),
(555, 16, 'Kabupaten Jombang', NULL, NULL),
(556, 16, 'Kabupaten Kediri', NULL, NULL),
(557, 16, 'Kabupaten Lamongan', NULL, NULL),
(558, 16, 'Kabupaten Lumajang', NULL, NULL),
(559, 16, 'Kabupaten Madiun', NULL, NULL),
(560, 16, 'Kabupaten Magetan', NULL, NULL),
(561, 16, 'Kabupaten Malang', NULL, NULL),
(562, 16, 'Kabupaten Mojokerto', NULL, NULL),
(563, 16, 'Kabupaten Nganjuk', NULL, NULL),
(564, 16, 'Kabupaten Ngawi', NULL, NULL),
(565, 16, 'Kabupaten Pacitan', NULL, NULL),
(566, 16, 'Kabupaten Pamekasan', NULL, NULL),
(567, 16, 'Kabupaten Pasuruan', NULL, NULL),
(568, 16, 'Kabupaten Ponorogo', NULL, NULL),
(569, 16, 'Kabupaten Probolinggo', NULL, NULL),
(570, 16, 'Kabupaten Sampang', NULL, NULL),
(571, 16, 'Kabupaten Sidoarjo', NULL, NULL),
(572, 16, 'Kabupaten Situbondo', NULL, NULL),
(573, 16, 'Kabupaten Sumenep', NULL, NULL),
(574, 16, 'Kabupaten Trenggalek', NULL, NULL),
(575, 16, 'Kabupaten Tuban', NULL, NULL),
(576, 16, 'Kabupaten Tulungagung', NULL, NULL),
(577, 16, 'Kota Batu', NULL, NULL),
(578, 16, 'Kota Blitar', NULL, NULL),
(579, 16, 'Kota Kediri', NULL, NULL),
(580, 16, 'Kota Madiun', NULL, NULL),
(581, 16, 'Kota Malang', NULL, NULL),
(582, 16, 'Kota Mojokerto', NULL, NULL),
(583, 16, 'Kota Pasuruan', NULL, NULL),
(584, 16, 'Kota Probolinggo', NULL, NULL),
(585, 16, 'Kota Surabaya', NULL, NULL);

-- --------------------------------------------------------

--
-- Table structure for table `migrations`
--

CREATE TABLE `migrations` (
  `id` int(10) UNSIGNED NOT NULL,
  `migration` varchar(255) NOT NULL,
  `batch` int(11) NOT NULL
) ENGINE=InnoDB DEFAULT CHARSET=utf8mb4 COLLATE=utf8mb4_unicode_ci;

--
-- Dumping data for table `migrations`
--

INSERT INTO `migrations` (`id`, `migration`, `batch`) VALUES
(1, '2014_08_24_032338_create_provinsis_table', 1),
(2, '2014_08_24_032600_create_kabupaten_kotas_table', 1),
(3, '2014_08_24_054912_create_agamas_table', 1),
(4, '2014_10_12_000000_create_users_table', 1),
(5, '2014_10_12_100000_create_password_reset_tokens_table', 1),
(6, '2019_08_19_000000_create_failed_jobs_table', 1),
(7, '2019_12_14_000001_create_personal_access_tokens_table', 1),
(8, '2024_08_24_035840_create_permission_tables', 1),
(9, '2024_08_24_121242_change_column_type_in_users_table', 2),
(10, '2024_08_24_131802_remove_unique_constraint_from_username_in_users_table', 3),
(11, '2024_08_24_132436_update_users_nullable_fields', 4);

-- --------------------------------------------------------

--
-- Table structure for table `model_has_permissions`
--

CREATE TABLE `model_has_permissions` (
  `permission_id` bigint(20) UNSIGNED NOT NULL,
  `model_type` varchar(255) NOT NULL,
  `model_id` bigint(20) UNSIGNED NOT NULL
) ENGINE=InnoDB DEFAULT CHARSET=utf8mb4 COLLATE=utf8mb4_unicode_ci;

-- --------------------------------------------------------

--
-- Table structure for table `model_has_roles`
--

CREATE TABLE `model_has_roles` (
  `role_id` bigint(20) UNSIGNED NOT NULL,
  `model_type` varchar(255) NOT NULL,
  `model_id` bigint(20) UNSIGNED NOT NULL
) ENGINE=InnoDB DEFAULT CHARSET=utf8mb4 COLLATE=utf8mb4_unicode_ci;

--
-- Dumping data for table `model_has_roles`
--

INSERT INTO `model_has_roles` (`role_id`, `model_type`, `model_id`) VALUES
(1, 'App\\Models\\User', 1),
(2, 'App\\Models\\User', 2),
(2, 'App\\Models\\User', 3),
(2, 'App\\Models\\User', 6),
(2, 'App\\Models\\User', 7),
(2, 'App\\Models\\User', 8),
(2, 'App\\Models\\User', 9);

-- --------------------------------------------------------

--
-- Table structure for table `password_reset_tokens`
--

CREATE TABLE `password_reset_tokens` (
  `email` varchar(255) NOT NULL,
  `token` varchar(255) NOT NULL,
  `created_at` timestamp NULL DEFAULT NULL
) ENGINE=InnoDB DEFAULT CHARSET=utf8mb4 COLLATE=utf8mb4_unicode_ci;

-- --------------------------------------------------------

--
-- Table structure for table `permissions`
--

CREATE TABLE `permissions` (
  `id` bigint(20) UNSIGNED NOT NULL,
  `name` varchar(255) NOT NULL,
  `guard_name` varchar(255) NOT NULL,
  `created_at` timestamp NULL DEFAULT NULL,
  `updated_at` timestamp NULL DEFAULT NULL
) ENGINE=InnoDB DEFAULT CHARSET=utf8mb4 COLLATE=utf8mb4_unicode_ci;

-- --------------------------------------------------------

--
-- Table structure for table `personal_access_tokens`
--

CREATE TABLE `personal_access_tokens` (
  `id` bigint(20) UNSIGNED NOT NULL,
  `tokenable_type` varchar(255) NOT NULL,
  `tokenable_id` bigint(20) UNSIGNED NOT NULL,
  `name` varchar(255) NOT NULL,
  `token` varchar(64) NOT NULL,
  `abilities` text DEFAULT NULL,
  `last_used_at` timestamp NULL DEFAULT NULL,
  `expires_at` timestamp NULL DEFAULT NULL,
  `created_at` timestamp NULL DEFAULT NULL,
  `updated_at` timestamp NULL DEFAULT NULL
) ENGINE=InnoDB DEFAULT CHARSET=utf8mb4 COLLATE=utf8mb4_unicode_ci;

-- --------------------------------------------------------

--
-- Table structure for table `provinsi`
--

CREATE TABLE `provinsi` (
  `id` bigint(20) UNSIGNED NOT NULL,
  `nama_provinsi` varchar(255) NOT NULL,
  `created_at` timestamp NULL DEFAULT NULL,
  `updated_at` timestamp NULL DEFAULT NULL
) ENGINE=InnoDB DEFAULT CHARSET=utf8mb4 COLLATE=utf8mb4_unicode_ci;

--
-- Dumping data for table `provinsi`
--

INSERT INTO `provinsi` (`id`, `nama_provinsi`, `created_at`, `updated_at`) VALUES
(1, 'Aceh', '2024-08-23 23:27:09', '2024-08-23 23:27:09'),
(2, 'Sumatera Utara', '2024-08-23 23:27:09', '2024-08-23 23:27:09'),
(3, 'Sumatera Barat', '2024-08-23 23:27:09', '2024-08-23 23:27:09'),
(4, 'Riau', '2024-08-23 23:27:09', '2024-08-23 23:27:09'),
(5, 'Kepulauan Riau', '2024-08-23 23:27:09', '2024-08-23 23:27:09'),
(6, 'Jambi', '2024-08-23 23:27:09', '2024-08-23 23:27:09'),
(7, 'Sumatera Selatan', '2024-08-23 23:27:09', '2024-08-23 23:27:09'),
(8, 'Bangka Belitung', '2024-08-23 23:27:09', '2024-08-23 23:27:09'),
(9, 'Bengkulu', '2024-08-23 23:27:09', '2024-08-23 23:27:09'),
(10, 'Lampung', '2024-08-23 23:27:09', '2024-08-23 23:27:09'),
(11, 'DKI Jakarta', '2024-08-23 23:27:09', '2024-08-23 23:27:09'),
(12, 'Banten', '2024-08-23 23:27:09', '2024-08-23 23:27:09'),
(13, 'Jawa Barat', '2024-08-23 23:27:09', '2024-08-23 23:27:09'),
(14, 'Jawa Tengah', '2024-08-23 23:27:09', '2024-08-23 23:27:09'),
(15, 'DI Yogyakarta', '2024-08-23 23:27:09', '2024-08-23 23:27:09'),
(16, 'Jawa Timur', '2024-08-23 23:27:09', '2024-08-23 23:27:09'),
(17, 'Bali', '2024-08-23 23:27:09', '2024-08-23 23:27:09'),
(18, 'Nusa Tenggara Barat', '2024-08-23 23:27:09', '2024-08-23 23:27:09'),
(19, 'Nusa Tenggara Timur', '2024-08-23 23:27:09', '2024-08-23 23:27:09'),
(20, 'Kalimantan Barat', '2024-08-23 23:27:09', '2024-08-23 23:27:09'),
(21, 'Kalimantan Tengah', '2024-08-23 23:27:09', '2024-08-23 23:27:09'),
(22, 'Kalimantan Selatan', '2024-08-23 23:27:09', '2024-08-23 23:27:09'),
(23, 'Kalimantan Timur', '2024-08-23 23:27:09', '2024-08-23 23:27:09'),
(24, 'Kalimantan Utara', '2024-08-23 23:27:09', '2024-08-23 23:27:09'),
(25, 'Sulawesi Utara', '2024-08-23 23:27:09', '2024-08-23 23:27:09'),
(26, 'Gorontalo', '2024-08-23 23:27:09', '2024-08-23 23:27:09'),
(27, 'Sulawesi Tengah', '2024-08-23 23:27:09', '2024-08-23 23:27:09'),
(28, 'Sulawesi Barat', '2024-08-23 23:27:09', '2024-08-23 23:27:09'),
(29, 'Sulawesi Selatan', '2024-08-23 23:27:09', '2024-08-23 23:27:09'),
(30, 'Sulawesi Tenggara', '2024-08-23 23:27:09', '2024-08-23 23:27:09'),
(31, 'Maluku', '2024-08-23 23:27:09', '2024-08-23 23:27:09'),
(32, 'Maluku Utara', '2024-08-23 23:27:09', '2024-08-23 23:27:09'),
(33, 'Papua Barat', '2024-08-23 23:27:09', '2024-08-23 23:27:09'),
(34, 'Papua', '2024-08-23 23:27:09', '2024-08-23 23:27:09'),
(35, 'Papua Selatan', '2024-08-23 23:27:09', '2024-08-23 23:27:09'),
(36, 'Papua Tengah', '2024-08-23 23:27:09', '2024-08-23 23:27:09'),
(37, 'Papua Pegunungan', '2024-08-23 23:27:09', '2024-08-23 23:27:09'),
(38, 'Papua Barat Daya', '2024-08-23 23:27:09', '2024-08-23 23:27:09');

-- --------------------------------------------------------

--
-- Table structure for table `roles`
--

CREATE TABLE `roles` (
  `id` bigint(20) UNSIGNED NOT NULL,
  `name` varchar(255) NOT NULL,
  `guard_name` varchar(255) NOT NULL,
  `created_at` timestamp NULL DEFAULT NULL,
  `updated_at` timestamp NULL DEFAULT NULL
) ENGINE=InnoDB DEFAULT CHARSET=utf8mb4 COLLATE=utf8mb4_unicode_ci;

--
-- Dumping data for table `roles`
--

INSERT INTO `roles` (`id`, `name`, `guard_name`, `created_at`, `updated_at`) VALUES
(1, 'admin', 'web', '2024-08-23 23:27:10', '2024-08-23 23:27:10'),
(2, 'mahasiswa', 'web', '2024-08-23 23:27:10', '2024-08-23 23:27:10');

-- --------------------------------------------------------

--
-- Table structure for table `role_has_permissions`
--

CREATE TABLE `role_has_permissions` (
  `permission_id` bigint(20) UNSIGNED NOT NULL,
  `role_id` bigint(20) UNSIGNED NOT NULL
) ENGINE=InnoDB DEFAULT CHARSET=utf8mb4 COLLATE=utf8mb4_unicode_ci;

-- --------------------------------------------------------

--
-- Table structure for table `users`
--

CREATE TABLE `users` (
  `id` bigint(20) UNSIGNED NOT NULL,
  `username` varchar(255) DEFAULT NULL,
  `password` varchar(255) DEFAULT NULL,
  `foto` varchar(255) DEFAULT NULL,
  `nama_lengkap` varchar(255) DEFAULT NULL,
  `alamat_ktp` varchar(255) DEFAULT NULL,
  `kecamatan` varchar(255) DEFAULT NULL,
  `id_kabupaten_kota_alamat` bigint(20) UNSIGNED DEFAULT NULL,
  `id_provinsi_alamat` bigint(20) UNSIGNED DEFAULT NULL,
  `alamat_saat_ini` varchar(255) DEFAULT NULL,
  `nomor_telepon` varchar(255) DEFAULT NULL,
  `nomor_hp` varchar(255) DEFAULT NULL,
  `email` varchar(255) DEFAULT NULL,
  `kewarganegaraan` varchar(255) DEFAULT NULL,
  `negara_asal` varchar(255) DEFAULT NULL,
  `tanggal_lahir` date DEFAULT NULL,
  `tempat_lahir` varchar(255) DEFAULT NULL,
  `id_kabupaten_kota_lahir` bigint(20) UNSIGNED DEFAULT NULL,
  `id_provinsi_lahir` bigint(20) UNSIGNED DEFAULT NULL,
  `negara_lahir` varchar(255) DEFAULT NULL,
  `jenis_kelamin` varchar(255) DEFAULT NULL,
  `status_menikah` varchar(255) DEFAULT NULL,
  `id_agama` bigint(20) UNSIGNED DEFAULT NULL,
  `nilai_mtk` double DEFAULT NULL,
  `nilai_bing` double DEFAULT NULL,
  `nilai_bindo` double DEFAULT NULL,
  `nilai_rata` double DEFAULT NULL,
  `remember_token` varchar(100) DEFAULT NULL,
  `created_at` timestamp NULL DEFAULT NULL,
  `updated_at` timestamp NULL DEFAULT NULL
) ENGINE=InnoDB DEFAULT CHARSET=utf8mb4 COLLATE=utf8mb4_unicode_ci;

--
-- Dumping data for table `users`
--

INSERT INTO `users` (`id`, `username`, `password`, `foto`, `nama_lengkap`, `alamat_ktp`, `kecamatan`, `id_kabupaten_kota_alamat`, `id_provinsi_alamat`, `alamat_saat_ini`, `nomor_telepon`, `nomor_hp`, `email`, `kewarganegaraan`, `negara_asal`, `tanggal_lahir`, `tempat_lahir`, `id_kabupaten_kota_lahir`, `id_provinsi_lahir`, `negara_lahir`, `jenis_kelamin`, `status_menikah`, `id_agama`, `nilai_mtk`, `nilai_bing`, `nilai_bindo`, `nilai_rata`, `remember_token`, `created_at`, `updated_at`) VALUES
(1, 'difarifaldi7 ', '$2y$12$srcOL3fthiQ1Y4zk2OSyQ.SaGBaNV2elAbZqqoFIGrUkFcudMdO7O', NULL, NULL, NULL, NULL, NULL, NULL, NULL, NULL, NULL, NULL, NULL, '', NULL, NULL, NULL, NULL, NULL, NULL, NULL, NULL, NULL, NULL, NULL, NULL, NULL, '2024-08-23 23:27:11', '2024-08-23 23:27:11'),
(2, 'abdurojak13', '$2y$12$N5Si.sUPiyEyRc3qz5VYuuYLPwWyTC3th.zpLrpuFgb5XLx6EqJUq', 'foto/YPScyYr7RSYnwtz1uxDFD0kXrYk0Xf7XDjqzhxI4.webp', 'Abdurojak', 'Perumahan Puri Insani Bogor', 'Cibinong', 163, 13, 'Perumahan Puri Isani Blok 2', '0217711003', '081228819122', 'abdurojak@gmail.com', 'WNI Asli', 'Indonesia', '2004-10-09', 'Luar Negeri', NULL, NULL, 'Kamboja', 'Pria', 'Belum Menikah', 4, 92, 90, 91, 91, NULL, '2024-08-24 00:20:19', '2024-08-24 09:31:06'),
(3, 'difarifaldi4', '$2y$12$TxSRpZDEIo2NwkAJ0brvXepeuAVRSBW7yykDQArR82xv/j/ZdU56W', 'foto/M3ADZ01qA0ouyPi5eOaPr1dkRIcO9l10S4e7wntA.jpg', 'Muhammad Difa Rifaldi', 'jl. kamboja 1 no 86 rt 06 rw 04', 'Sukmajaya', 70, 4, 'jl. kamboja 1 no 86 rt 06 rw 04', '0217711004', '081312287122', 'difa123@gmail.com', 'WNI Keturunan', 'Indonesia', '2002-09-09', 'Dalam Negeri', 69, 4, 'Indonesia', 'Pria', 'Belum Menikah', 1, 98, 94, 98, 96.666666666667, NULL, '2024-08-24 00:22:25', '2024-08-24 07:27:30'),
(6, 'nazwaa11', '$2y$12$5vuoi5KBfOvuUfoAPJ3MDO/Ljb48s8241XYMNkaWJUt63wZ5plgsC', 'foto/bl8uClrCX8p6RqHDmwXpsNOi31htQRzIxq7d8RGC.webp', 'Nazwa Ria', 'jl. kamboja 1 no 86 rt 06 rw 04', 'Tengah', 150, 11, 'jl. kamboja 1 no 86 rt 06 rw 04', '0217799881', '081377721221', 'nazwa@gmail.com', 'WNI Keturunan', 'Indonesia', '2002-11-09', 'Dalam Negeri', NULL, 12, 'Indonesia', 'Wanita', 'Belum Menikah', 1, 98, 96.4, 98, 97.466666666667, NULL, '2024-08-24 09:24:08', '2024-08-24 17:32:37'),
(7, 'tiaraa07', '$2y$12$AM2EDzzsf3neSLn/8CY1sOa8W9P6sQgE3CaV1IZhZ6jfnICWRM2HW', NULL, NULL, NULL, NULL, NULL, NULL, NULL, NULL, NULL, NULL, NULL, NULL, NULL, NULL, NULL, NULL, NULL, NULL, NULL, NULL, NULL, NULL, NULL, NULL, NULL, '2024-08-24 09:24:27', '2024-08-24 09:24:27'),
(8, 'budi4444', '$2y$12$tk2Du4RS9X3wEuAchQnJvuoadHF9/5ERj1/bibfhVjT793YO5TCJy', 'foto/o5t8ZmCvPPFWNANzdSiGv8huch2ExjdIXO18gkHE.webp', 'budi ahmad', 'jl.kencana 2', 'Pancoran Mas', 184, 13, 'jl. kencana 2', '0217799882', '081218898299', 'budi@gmail.com', 'WNA', 'Mongolia', '1999-09-09', 'Luar Negeri', NULL, NULL, 'Jerman', 'Pria', 'Lain-lain (janda/duda)', 5, 92, 90, 93, 91.666666666667, NULL, '2024-08-24 09:25:04', '2024-08-24 10:00:52'),
(9, 'ilham123', '$2y$12$25ZDqvfsL75ME9xV0qRNFetbpMKHeMGSEu8nzyUd67VYvWJorinau', 'foto/pg8gmme3dBEJnpycnzRyDqOCwG8uEpPZ9ePUIunw.webp', 'Ilham', 'jl kemiri', 'Sukmajaya', 51, 3, 'Jl. Kemiri', '0217711004', '081312287122', 'ilham@gmail.com', 'WNI Keturunan', 'Indonesia', '2002-01-09', 'Dalam Negeri', 51, 3, 'Indonesia', 'Pria', 'Belum Menikah', 5, 93, 100, 92, 95, NULL, '2024-08-24 18:49:11', '2024-08-24 18:54:31');

--
-- Indexes for dumped tables
--

--
-- Indexes for table `agama`
--
ALTER TABLE `agama`
  ADD PRIMARY KEY (`id`);

--
-- Indexes for table `failed_jobs`
--
ALTER TABLE `failed_jobs`
  ADD PRIMARY KEY (`id`),
  ADD UNIQUE KEY `failed_jobs_uuid_unique` (`uuid`);

--
-- Indexes for table `kabupaten_kota`
--
ALTER TABLE `kabupaten_kota`
  ADD PRIMARY KEY (`id`),
  ADD KEY `kabupaten_kota_id_provinsi_foreign` (`id_provinsi`);

--
-- Indexes for table `migrations`
--
ALTER TABLE `migrations`
  ADD PRIMARY KEY (`id`);

--
-- Indexes for table `model_has_permissions`
--
ALTER TABLE `model_has_permissions`
  ADD PRIMARY KEY (`permission_id`,`model_id`,`model_type`),
  ADD KEY `model_has_permissions_model_id_model_type_index` (`model_id`,`model_type`);

--
-- Indexes for table `model_has_roles`
--
ALTER TABLE `model_has_roles`
  ADD PRIMARY KEY (`role_id`,`model_id`,`model_type`),
  ADD KEY `model_has_roles_model_id_model_type_index` (`model_id`,`model_type`);

--
-- Indexes for table `password_reset_tokens`
--
ALTER TABLE `password_reset_tokens`
  ADD PRIMARY KEY (`email`);

--
-- Indexes for table `permissions`
--
ALTER TABLE `permissions`
  ADD PRIMARY KEY (`id`),
  ADD UNIQUE KEY `permissions_name_guard_name_unique` (`name`,`guard_name`);

--
-- Indexes for table `personal_access_tokens`
--
ALTER TABLE `personal_access_tokens`
  ADD PRIMARY KEY (`id`),
  ADD UNIQUE KEY `personal_access_tokens_token_unique` (`token`),
  ADD KEY `personal_access_tokens_tokenable_type_tokenable_id_index` (`tokenable_type`,`tokenable_id`);

--
-- Indexes for table `provinsi`
--
ALTER TABLE `provinsi`
  ADD PRIMARY KEY (`id`);

--
-- Indexes for table `roles`
--
ALTER TABLE `roles`
  ADD PRIMARY KEY (`id`),
  ADD UNIQUE KEY `roles_name_guard_name_unique` (`name`,`guard_name`);

--
-- Indexes for table `role_has_permissions`
--
ALTER TABLE `role_has_permissions`
  ADD PRIMARY KEY (`permission_id`,`role_id`),
  ADD KEY `role_has_permissions_role_id_foreign` (`role_id`);

--
-- Indexes for table `users`
--
ALTER TABLE `users`
  ADD PRIMARY KEY (`id`),
  ADD KEY `users_id_kabupaten_kota_alamat_foreign` (`id_kabupaten_kota_alamat`),
  ADD KEY `users_id_kabupaten_kota_lahir_foreign` (`id_kabupaten_kota_lahir`),
  ADD KEY `users_id_provinsi_alamat_foreign` (`id_provinsi_alamat`),
  ADD KEY `users_id_provinsi_lahir_foreign` (`id_provinsi_lahir`),
  ADD KEY `users_id_agama_foreign` (`id_agama`);

--
-- AUTO_INCREMENT for dumped tables
--

--
-- AUTO_INCREMENT for table `agama`
--
ALTER TABLE `agama`
  MODIFY `id` bigint(20) UNSIGNED NOT NULL AUTO_INCREMENT, AUTO_INCREMENT=7;

--
-- AUTO_INCREMENT for table `failed_jobs`
--
ALTER TABLE `failed_jobs`
  MODIFY `id` bigint(20) UNSIGNED NOT NULL AUTO_INCREMENT;

--
-- AUTO_INCREMENT for table `kabupaten_kota`
--
ALTER TABLE `kabupaten_kota`
  MODIFY `id` bigint(20) UNSIGNED NOT NULL AUTO_INCREMENT, AUTO_INCREMENT=586;

--
-- AUTO_INCREMENT for table `migrations`
--
ALTER TABLE `migrations`
  MODIFY `id` int(10) UNSIGNED NOT NULL AUTO_INCREMENT, AUTO_INCREMENT=12;

--
-- AUTO_INCREMENT for table `permissions`
--
ALTER TABLE `permissions`
  MODIFY `id` bigint(20) UNSIGNED NOT NULL AUTO_INCREMENT;

--
-- AUTO_INCREMENT for table `personal_access_tokens`
--
ALTER TABLE `personal_access_tokens`
  MODIFY `id` bigint(20) UNSIGNED NOT NULL AUTO_INCREMENT;

--
-- AUTO_INCREMENT for table `provinsi`
--
ALTER TABLE `provinsi`
  MODIFY `id` bigint(20) UNSIGNED NOT NULL AUTO_INCREMENT, AUTO_INCREMENT=39;

--
-- AUTO_INCREMENT for table `roles`
--
ALTER TABLE `roles`
  MODIFY `id` bigint(20) UNSIGNED NOT NULL AUTO_INCREMENT, AUTO_INCREMENT=3;

--
-- AUTO_INCREMENT for table `users`
--
ALTER TABLE `users`
  MODIFY `id` bigint(20) UNSIGNED NOT NULL AUTO_INCREMENT, AUTO_INCREMENT=10;

--
-- Constraints for dumped tables
--

--
-- Constraints for table `kabupaten_kota`
--
ALTER TABLE `kabupaten_kota`
  ADD CONSTRAINT `kabupaten_kota_id_provinsi_foreign` FOREIGN KEY (`id_provinsi`) REFERENCES `provinsi` (`id`) ON DELETE CASCADE;

--
-- Constraints for table `model_has_permissions`
--
ALTER TABLE `model_has_permissions`
  ADD CONSTRAINT `model_has_permissions_permission_id_foreign` FOREIGN KEY (`permission_id`) REFERENCES `permissions` (`id`) ON DELETE CASCADE;

--
-- Constraints for table `model_has_roles`
--
ALTER TABLE `model_has_roles`
  ADD CONSTRAINT `model_has_roles_role_id_foreign` FOREIGN KEY (`role_id`) REFERENCES `roles` (`id`) ON DELETE CASCADE;

--
-- Constraints for table `role_has_permissions`
--
ALTER TABLE `role_has_permissions`
  ADD CONSTRAINT `role_has_permissions_permission_id_foreign` FOREIGN KEY (`permission_id`) REFERENCES `permissions` (`id`) ON DELETE CASCADE,
  ADD CONSTRAINT `role_has_permissions_role_id_foreign` FOREIGN KEY (`role_id`) REFERENCES `roles` (`id`) ON DELETE CASCADE;

--
-- Constraints for table `users`
--
ALTER TABLE `users`
  ADD CONSTRAINT `users_id_agama_foreign` FOREIGN KEY (`id_agama`) REFERENCES `agama` (`id`) ON DELETE CASCADE,
  ADD CONSTRAINT `users_id_kabupaten_kota_alamat_foreign` FOREIGN KEY (`id_kabupaten_kota_alamat`) REFERENCES `kabupaten_kota` (`id`) ON DELETE CASCADE,
  ADD CONSTRAINT `users_id_kabupaten_kota_lahir_foreign` FOREIGN KEY (`id_kabupaten_kota_lahir`) REFERENCES `kabupaten_kota` (`id`) ON DELETE CASCADE,
  ADD CONSTRAINT `users_id_provinsi_alamat_foreign` FOREIGN KEY (`id_provinsi_alamat`) REFERENCES `provinsi` (`id`) ON DELETE CASCADE,
  ADD CONSTRAINT `users_id_provinsi_lahir_foreign` FOREIGN KEY (`id_provinsi_lahir`) REFERENCES `provinsi` (`id`) ON DELETE CASCADE;
COMMIT;

/*!40101 SET CHARACTER_SET_CLIENT=@OLD_CHARACTER_SET_CLIENT */;
/*!40101 SET CHARACTER_SET_RESULTS=@OLD_CHARACTER_SET_RESULTS */;
/*!40101 SET COLLATION_CONNECTION=@OLD_COLLATION_CONNECTION */;
